File_Index,train_id,Ch0_OT_RMS,Ch0_OT_Kurtosis,Ch0_OT_CrestFactor,Ch0_Order_BandEnergy,Ch0_Spectral_Entropy,Ch0_Env_BandEnergy,Ch1_OT_RMS,Ch1_OT_Kurtosis,Ch1_OT_CrestFactor,Ch1_Order_BandEnergy,Ch1_Spectral_Entropy,Ch1_Env_BandEnergy,Ch2_OT_RMS,Ch2_OT_Kurtosis,Ch2_OT_CrestFactor,Ch2_Order_BandEnergy,Ch2_Spectral_Entropy,Ch2_Env_BandEnergy,Ch3_OT_RMS,Ch3_OT_Kurtosis,Ch3_OT_CrestFactor,Ch3_Order_BandEnergy,Ch3_Spectral_Entropy,Ch3_Env_BandEnergy
1,4,0.15248987677038944,29.418275800197605,32.99254247960878,5.374754079700973,10.622995572635297,6.4635075892367215,0.19202691904083002,18.60830258393817,30.539136616654613,5.4587658400075005,10.983039599048988,6.957966199457082,0.16631369451778305,120.70534417108004,42.23909872001918,5.597948288491436,11.111427752116601,6.721305175691256,0.19554357353419935,61.15156377358592,36.315521471680945,5.563694873429422,11.387647951042313,6.885248546047933
2,4,0.1534170155085134,31.581797024123304,32.08256372881279,5.378546063887687,10.657864482983246,6.402172787014804,0.20090017141156016,17.588602103232652,27.419300070289495,5.390124172891546,10.928651852081444,7.265060918811999,0.17408548451362027,108.8052883878916,44.51650311423036,5.523869639079453,11.015724152039093,7.3085285492371375,0.2044485272854929,55.651282145594536,37.03686225066236,5.517878481571027,11.261223730629144,7.407690965416373
3,4,0.15898260872355385,38.72610543708503,32.56576351287597,5.402512370676716,10.682119357771455,6.302302819033142,0.20617378793714808,21.450077637808665,28.85971270870292,5.443171435541397,10.924486217215883,7.321098040128382,0.18460299553850668,115.70848456270781,39.41687662162191,5.595497459100735,10.9381863489349,6.896871339202036,0.21259460916806824,64.62685026738286,35.879114926447045,5.650254429767391,11.23960579076999,7.088685086904801
4,4,0.18052177871566105,11.739408081040676,25.205459738055367,5.783895658269797,11.558322680473875,6.649279876909476,0.3503765407150126,1.3522555952926778,15.982070977910618,5.922804382019631,8.847969252326266,9.215163555767088,0.17202345784605524,87.82960610131404,40.21309461786691,5.762749803383193,11.501882423190382,6.8090197189396955,0.26744768856405843,14.832297682200334,26.621121487942773,5.982919613438862,10.81683942165552,8.126953819155304
5,4,0.18583741260801703,13.223260056345602,31.876446020944517,6.356692432200356,11.668360738735451,6.694478719885021,0.35493895916918594,1.6626717472421095,18.82282510185925,6.3084987618784885,9.938159821535482,9.001392104787707,0.18107191376219572,85.0164859657843,43.48575239177627,5.968466236106052,11.546699643739233,6.649400893293544,0.2791788824814756,14.738265445702254,28.268051700614606,6.2207843900612145,11.275170487509751,7.92391133285908
6,4,0.18979692296439277,17.108877727763733,28.074823900674843,6.636602544314623,11.631174028299611,6.868628282941785,0.3761150447744626,1.813579588021888,15.963864421550383,6.8438712090014695,9.614325164421547,9.087193815994956,0.19131381361174862,92.35683788645046,37.07158306658639,6.302642896107009,11.471805808983259,7.196603647238777,0.29471973844629545,16.15358270342566,22.969688152425174,6.610671602337255,11.089285282258535,8.065354294588552
7,4,0.19223093636283042,16.194327565498426,27.857700966564476,6.676834010891129,11.612585604198713,6.672890928849469,0.3846051902036771,1.7159843268429045,14.086597975499124,6.749211171641726,9.48901567111935,9.130889708639478,0.19595161139659392,88.0015373571643,36.18834908892681,6.430161435923618,11.359113044293554,6.895941521312936,0.3010781194867487,15.229863206613452,24.127480609445833,6.6703355693484845,10.984217938985026,8.1098171497302
8,4,0.1990119017199704,22.8361766519655,37.117463477945236,6.5683477961021755,11.715070359157284,7.144943959536122,0.3703763187798417,2.984593644271655,21.276704034574937,6.750707861300621,9.725875596003029,9.018115956840461,0.2054015086272627,101.531742941131,45.1366879322108,6.312326007164559,11.546780808244456,6.842138139154135,0.3062050512075988,20.33284689707417,29.640159192968984,6.633087554059599,11.128359891434389,8.041477653431173
9,4,0.19558597227901045,18.019920927068394,24.9770940315214,6.777028345114074,11.645759923475989,7.0906135312364995,0.38679496013636866,1.8700327592688417,14.3980085579739,6.827978851392893,9.226849204602068,9.171399258665886,0.20339066728759397,84.26334769094129,33.47830393937464,6.565810991136526,11.480430970773533,6.994001874559913,0.30882645720659446,15.29522097052309,21.64909276834538,6.770212547774907,10.931686918069953,7.974890517558434
10,4,0.16892349981836954,33.21179368200414,30.758809752861943,6.653809379920376,10.8868013316896,6.513875615704681,0.23599789280010575,14.66207441772864,25.40830862602943,6.786751060377424,10.835501176349599,7.332813171925449,0.19233629141748448,113.09624982264077,40.28325088035866,6.270477354712085,11.12088953745884,6.756041007178481,0.23427779201026164,51.431042451714255,33.30121019964925,6.343184924734084,11.278849640238795,7.020368103389889
11,4,0.16390834082535563,31.240657357271743,34.25082296946543,6.163269730602413,10.85616698307581,6.395844845710047,0.22564209436584529,13.777585907814426,28.200288212398554,6.316513754315962,10.865623115311012,7.238430801886483,0.1837040591173031,104.85240147560194,44.559832160543166,6.01314543313735,11.135275421764232,6.664693950631695,0.2249422717502229,46.373102184755076,36.65970268736099,6.471310624709008,11.258838875484177,7.019070334549499
12,4,0.16325745815589476,38.992647923297966,40.24597650497329,6.291607314066251,10.837192732395327,6.3665026010002865,0.2246896806993865,16.467233892378214,33.23678506618789,6.238157204325962,10.784772763762692,7.1737376817431375,0.18358760572376026,123.65198724312644,52.761303286205894,6.062948899518837,11.036716314627757,6.69236066080976,0.22403115697309628,54.60060597824823,42.544387474683674,6.5422536097320725,11.137619047500216,7.0381666883995555
13,4,0.15621145150353688,29.031644337288654,40.417359130799724,6.555228094778378,10.857883762145509,6.325090208636556,0.21757358282546702,12.564864886882315,32.13298977450247,6.286431734617375,10.703364903837103,7.2819208316841575,0.1699977738101669,109.81057638557883,54.12564592213433,6.104317095406433,11.238145935975108,6.554786592165614,0.21315769452071626,44.55606771672977,42.33759280787238,6.138369904662314,11.183087308272894,6.963856310794168
14,4,0.1595941836307618,56.788868341011565,55.33077918270126,6.107051574048899,10.762389328049135,6.515388514281272,0.2187864269681555,24.292866229193887,41.85450940629607,6.194464305553721,10.796160805525615,7.160817474744739,0.1858785761758754,152.28686164163076,63.55817170025988,5.8719704527203955,10.888926369753557,6.712002452658636,0.22221246786256033,72.83474428514695,52.58724510370423,6.176534038800088,11.018703421553417,7.049438289964744
15,4,0.16169439620662684,68.80275907597671,45.460708732439876,6.207065863599396,10.788355226894694,6.415991006587663,0.2193436243802655,29.652922471420467,35.51077288298876,6.230170205802823,10.811532243272554,7.174315378159348,0.19181701144621988,155.23556424429296,47.26154886321054,5.929469844714471,10.918413717392681,6.686567812804832,0.22583931314089584,76.91346903611729,36.00987322768718,6.196624061781416,11.041064841194576,6.969631334491297
16,4,0.20831711583507667,21.521117797157448,26.959561225569562,5.967540508044828,11.350547449413913,6.796104379923242,0.4118873034001581,2.1514514385120993,16.846528933827788,6.219607506342357,9.042942239241281,9.159851343797081,0.2094795260066026,101.58349094530351,39.76550867658833,5.86267577939844,10.92625053868136,6.8490488450493485,0.3214416709211396,17.64058915623511,25.461576838939976,6.0839878353788315,10.638398040129829,8.048929366214894
17,4,0.20140668988850088,26.696503303593722,30.206181384918548,6.4618712508382234,11.573008227777029,6.710322833883405,0.4222044674339697,2.1615640402117577,16.172296008702148,6.4431523955066625,8.765117146814005,9.406691924328792,0.21486811005223833,102.65826313780262,40.80746016876568,6.22731032824966,11.32605982111539,6.98140377462046,0.3237949926736909,19.282389445121417,26.508612270973387,6.814235037320117,10.752786256551122,8.256895943499044
18,4,0.19833533091104294,28.346457665805406,28.36263544936159,6.919452524113795,11.502928727722157,6.8493375459080195,0.4218294154923864,2.153570733650853,15.486553856137132,6.803721552550901,8.69300496233614,9.375281768719692,0.2183443244683186,100.22462079282944,38.10119578322487,6.436757119806979,11.197896984532246,7.103862797417613,0.32454836059086767,19.630851111605207,24.891738578480137,6.668862677024868,10.628973904814384,8.277306267480247
19,4,0.1818213372170331,13.15139584436864,31.04527746176183,6.840428473248556,11.624453170172545,6.664375442239726,0.38377270599903723,1.1096529918045217,16.05564966266357,6.887116366931166,9.198477383242494,9.104841162497129,0.18637499993417417,67.3575706082961,39.22449742335343,6.517774868727364,11.491870274378243,6.908574964166344,0.2934072735662624,10.847151410331323,23.842036083388866,6.671074056329801,10.882541346671017,8.11404918596854
20,4,0.1862544950665985,13.698677267849916,28.698744342216294,6.6351906040296225,11.637986198983143,6.682589170411011,0.40513020644918946,1.032318463765856,17.06991545472681,6.711857676437666,9.00260910377445,9.068948521050267,0.1897820697588189,75.25090456382567,42.9603950641103,6.42798658943509,11.482994387388182,6.894189149352803,0.2980365605194654,12.123111233863519,27.402691596123045,6.674090967642786,10.777794221057658,7.986457199359371
21,4,0.18964358046464858,15.14177790647092,24.425268114299282,6.784250195620804,11.658436926537654,6.717402986740617,0.40641310852204415,1.1926457414990583,14.522859146595035,6.905987610098603,9.178292695720561,9.043067113863419,0.1940924334681468,74.90643505451055,35.43248810315643,6.488179746875871,11.46221011485453,7.030178700951326,0.3065877881930271,11.99110876517245,24.19817485924555,6.829041339171289,10.804070245131756,7.925057792411707
22,4,0.15585515141767348,27.323647307288052,37.32939030925053,6.755467349336455,10.803078749142376,6.392923754353282,0.23612009053648297,8.36820571865225,28.314284921338377,6.693942783896807,10.54210756881233,7.514315285408895,0.17844805111124204,88.84583518008587,41.35977474317943,6.205583485774727,11.162980816368101,6.711113384370577,0.23146156645961907,31.003227612825086,31.381526695716776,6.261830306675684,11.089720751000414,7.215879488476496
23,4,0.16814481826347336,52.29309419448318,49.693044549385995,6.370763949510628,10.894196052767857,6.481797452868947,0.2363952128460941,20.93104257219653,39.66568786637989,6.511440893781579,10.72318819015345,7.3031802387781255,0.19553517774196613,133.3209235953191,60.5769553749352,6.067612981848842,11.078468324568776,6.652011280273986,0.2390251442249191,56.96991680475777,48.15972117459042,6.332687135021467,11.15314828442352,7.106304326945014
24,4,0.17406197242440177,66.5977600302035,40.951340390319395,6.412286163677298,10.917067819215596,6.479194858985236,0.2395670945231764,27.580795276098527,33.24741062321116,6.466537567144335,10.837110267664073,7.305527649719163,0.2078481799682437,152.15711732796925,47.141860332642146,6.1381477289448245,10.988175169434866,6.7699962564488985,0.24897179241113776,68.72625180472768,38.058940752878506,6.362301685046459,11.1123450320679,7.234637671122769
25,4,0.16668307366310808,43.30063777936703,31.8907002174148,6.35550426395168,10.87237864164479,6.524853169291756,0.23553794800901176,17.611934316735727,27.562427996276664,6.368517673981468,10.643255486237624,7.218252820383326,0.1957003063272392,124.51975692922512,40.02229820668013,6.067037087957538,11.043401855800457,6.789176971762391,0.2406068273814454,53.314470211223096,33.76601526740457,6.321067582225053,11.022989260716951,7.220005211976643
26,4,0.16698412029430815,54.95170966716686,36.970989263434134,6.239444753864964,10.875327568085218,6.53743033369624,0.22887689739886152,24.323627668470586,28.52631250378816,6.064737372267506,10.869837857109673,7.232659571808328,0.1982425456383585,144.0778901075387,45.071071412865976,5.972199222121397,10.975140162401727,6.768385929015017,0.2393330875954087,63.657746871185736,37.24159803726576,6.366171471497317,11.030278802232655,7.204500524595447
27,4,0.16653194121028367,50.371217641201696,41.068881958141745,6.075237931060832,10.866334274541007,6.5333274999272515,0.22665422618160222,22.867840813191048,33.58344030996429,5.894583470937631,10.782192039860902,7.270817900102474,0.1961256758492032,134.81317087720103,48.342368664941375,5.8841039732755,11.002781818030515,6.8621504414920755,0.2355053897433413,62.14325727777771,38.937601905277916,6.40243747864773,11.061838643011573,7.28780964151897
28,4,0.195258149844079,21.888838417325395,28.06473612511893,6.481131762625238,11.610624291872904,6.824575035420384,0.43566456423396216,1.3840405198021282,13.709208142529635,6.412572566329614,9.015707283281554,9.261563433387167,0.20650718489904873,91.85940888988998,35.79482414174442,6.06621637450593,11.390307335087162,7.027059444528667,0.3182803557423469,15.834892466452725,24.397098385501863,6.416784487453697,10.831415103174228,8.191636730149243
29,4,0.19197219330074672,19.426917070767743,26.22934415986461,6.629731730094867,11.552118160223134,6.766252517531857,0.4223006241384782,1.3224833715845286,13.504942222378526,6.9261396953813925,9.022299209599762,9.181516151752676,0.20580632618504335,83.69455170761475,35.4145428238762,6.058999891650217,11.32977737555375,6.940379045463932,0.31710572420316363,14.016687972637104,22.224143996549856,6.427362865846727,10.742145304179447,8.024303191543774
30,4,0.19711591930277472,24.336827512137226,33.18755223180846,6.68037520064822,11.582827101754603,6.684940670693498,0.4305743522978371,1.7656806026752632,17.267006686414827,7.051458119515159,8.965326077628008,9.130051184057729,0.2138585880273745,90.9140678079936,41.471182797525884,6.450896221374515,11.278402185191524,7.077896681056726,0.3266735123969152,16.573184237533436,28.910484522245678,6.65750768963474,10.608279292701328,8.161852120570256
31,4,0.20172086740784642,25.851101454158208,26.37698722202102,6.609469278312223,11.588880188888965,6.768652713800006,0.4464472893606348,1.6624593055416907,13.908082376118067,6.636706014655154,8.820302439035906,9.029968076483526,0.2187408019266579,93.97818119987076,34.75146228221796,6.480541261400456,11.240703682988329,7.121307387937697,0.33278123091597217,17.21750089040182,23.556765404859604,6.7535576406432005,10.5838394246833,8.117298285730515
32,4,0.2007642124391782,23.3837633566872,30.235066479053966,7.087166570647993,11.646123766332272,6.867865411777726,0.4375365048310026,1.7061650555686256,16.337863141860964,6.777549386177313,9.084276890347525,9.17420840060121,0.214939606546759,92.97881145297288,40.9914139611062,6.445786990534899,11.324442089313184,7.173773500026791,0.32757116241353335,16.9773070459766,25.866374245092373,6.7178218232172116,10.754743406231896,8.084813743241114
33,4,0.2079736368355122,31.573300674717267,37.1547071744831,6.710606758317739,11.684679403041702,6.806482854787257,0.4523792579623917,2.1962386564660505,18.880253238152275,6.67215500764758,9.719963464284511,9.07157965388053,0.22867524229622038,101.31853359376532,42.63281845494139,6.306126829344889,11.339561436752689,7.102361068972728,0.3391081501062251,20.33895978734662,27.894921043981164,6.666096975644688,11.0757212494903,8.202460243559855
34,4,0.1807443649658072,47.221532757424775,36.222815909905556,6.950711155647867,11.046618349069583,6.611716268161909,0.2886669130634621,11.65729368353178,25.623813812211306,6.626735204887871,10.533927761557951,7.593044715090308,0.21888247020699486,112.4030472184825,38.75111656797744,6.340624719981359,11.080387661116701,6.878400685068955,0.28098533932962255,39.327114854782586,28.540524070489248,6.286508048639499,11.039401236622544,7.484727671158498
35,4,0.18024436564319882,50.30448235247244,33.88991085616363,6.643653795927613,10.914895673531408,6.515791413279428,0.2580665616937547,18.83137618398077,25.466155360512893,6.580495090121881,10.623886356527542,7.533746452777665,0.2176277661476225,113.3892178516865,36.68753659427758,6.349214065045705,10.905587520807948,6.665493164390188,0.26386024632975824,50.014058777119786,29.124716561905494,6.478229719762334,10.929159458684603,7.2215245080128865
36,4,0.18003504084045513,62.38097336936386,44.406107249579776,6.311414187597689,10.886008590682582,6.5471826390693995,0.25799931283573796,22.549463302675353,31.122038056531668,6.330350326547083,10.50779637271538,7.4306798946441335,0.21926054125764363,123.69026151661292,41.562049561322375,6.082617785874841,10.862592742438688,6.799258885739194,0.2636569777927006,57.36126993738075,33.69158819515247,6.277422437513975,10.80650771974284,7.333742868411336
37,4,0.18245571006472605,63.577132005843396,39.13923161089869,6.3395958708541,10.88364063250308,6.384189967796882,0.2593417885640937,23.996946175213893,28.55335159218257,6.45494909682115,10.531954510969689,7.502332311550734,0.22416556117137654,129.77429710268393,39.36595814956686,5.970911822852361,10.836727557218971,6.675073990643871,0.2659069377517469,63.5836004913364,31.361108951343432,6.348888561234691,10.87032961751914,7.2511235556729545
38,4,0.1634496651586561,34.65005889501402,31.252953122897868,6.315638466264229,10.85527481293426,6.476941442943578,0.24071219900621693,11.99190919872698,25.04803185160691,6.425701442984955,10.43301139483919,7.425085966685519,0.1911460453699191,105.08775655690351,42.571889000753636,5.98418635667773,10.953123256136374,6.78336324362933,0.2393752612412584,42.30440932890113,34.21928365012353,6.360128076126158,10.841984676689567,7.369776128510395
39,4,0.16548335001464146,44.32040430281625,38.340168083398495,6.263895817191437,10.862875233181025,6.4394714766609304,0.24020782894787365,15.702559491630488,29.61520717835501,6.1631741073640605,10.510594059006937,7.421600578694816,0.1928622293352125,121.74554860990789,43.94463590115709,5.8114470626325,10.932623989795307,6.68213364720562,0.2378368320227111,51.071838613187396,35.70760689986662,6.1530911459724,10.907600081451577,7.199184149759534
40,4,0.19215064441733257,29.380810673303387,31.495726023815607,6.524068983396535,11.629690687267436,7.816829066196656,0.40958507671504546,2.343442394187905,17.111095787355804,6.403938938984513,10.735955215875194,9.311296766847649,0.20830881382794594,103.21732680818685,41.38020764859618,6.109447008222054,11.440180706701645,7.493260492541231,0.30465733511968884,21.573769636376845,27.20696735947574,6.187028733082083,11.62250087249522,8.645490694522644
41,4,0.19961628233974643,17.532362680985347,28.706741160956152,6.569977471131367,11.531748893389608,6.813296068547933,0.46265129139814903,0.9052096892126755,13.52132203024156,6.562160118407598,8.847039966206275,9.184944751053283,0.20932136736540116,79.81226562989957,37.761146224269424,6.118748197740258,11.334864250051986,7.15078715972725,0.3368395836224205,11.233612886489544,22.416020941434784,6.411607860495855,10.572264343848516,8.271471945316424
42,4,0.21787014703696153,37.20401251365728,30.36497181487536,7.114502887598402,11.539282585284887,6.926238939721957,0.48655566284759616,2.3455902775455293,14.022314966285814,6.795843928077701,8.932442152289887,9.401909877927151,0.24466891617944536,105.44266032248066,33.02929285697455,6.436968525860662,11.076528737523887,7.24283574219273,0.3619880799693195,20.69403889818192,22.06936865663295,6.738816969339374,10.61809668093576,8.350326267166466
43,4,0.21409186257177987,35.69517947514225,31.652725297783196,6.829115743984528,11.550452243321129,6.891444162565172,0.48252281922469753,2.0732644105048585,14.981331152468156,6.989436046275772,9.211120093905638,9.424537380314533,0.23920695703998068,102.63972615187458,35.80044787618325,6.486388402793753,11.195310821195848,7.286491960608993,0.355283939640716,19.516055426981858,24.291951232241416,6.860433284593573,10.80841511370393,8.386048757124975
44,4,0.21464378894436006,34.384118145651854,27.80404419924006,7.20824217786738,11.489940075054212,6.838918973522954,0.4756750652239087,2.2658109717565935,14.025853274705401,6.836611297515036,9.138974195404922,9.093755784082168,0.24102525424329416,96.3618983667046,33.45111800967108,6.461337521111526,11.039811874800797,7.192433015290855,0.3549754442355814,19.8365956641086,23.876008088827913,6.663234344378986,10.69394380769366,8.140135129350176
45,4,0.20799207943988146,26.00394616056244,29.865250237031095,7.129073559035214,11.528240184901517,6.958723317238615,0.47126274929269607,1.5816903096003365,15.863696044974292,6.784224595446456,8.76487628985673,9.117175669739604,0.22478061111610365,88.21402627085466,38.01644479180161,6.383114076535939,11.17930217958391,7.291473241088947,0.34218638996377126,16.312738961888837,24.159536539800122,6.707833898873192,10.590563484677226,8.207763948205212
46,4,0.21071563400314428,31.65532018094335,31.268379484435687,6.796544280324148,11.302956681442364,6.781814021909741,0.45927194820093703,2.1982391533599728,14.590065498497173,6.459055789071534,9.486469813845016,8.775148965301122,0.23579401561338162,92.38594984955958,40.02260475079305,6.336789746024336,11.036690578415167,6.985255990292535,0.34845666900651856,18.234428265999725,24.400393392147603,6.492279082833007,10.7967726938065,7.947764571075151
47,4,0.18136174711742598,58.4397188387949,35.75241187006039,6.795000222765282,10.90806144422804,6.628502736163775,0.2616027402255428,21.19311633423874,28.491516190148726,6.440709306649303,10.752367768319102,7.480618788345857,0.2178477795517465,130.40768331231845,41.51092298961621,6.199407764294401,10.993612440262545,6.86764030174355,0.26688309898938994,54.997297771968356,33.73996254943202,6.497516703678321,10.95368466853477,7.411979299319961
48,4,0.17424753746003507,47.977080246200615,36.124885582488865,6.492917371443264,10.903965806591419,6.5049639131124595,0.2519683160956263,17.693491016733784,28.24578282771863,6.35024685015029,10.726985772751595,7.368199305883142,0.20811503960396294,115.27055586508455,41.865376988719156,6.147203257488329,11.051886191677816,6.79938611347536,0.25588595427499355,48.58949771107818,33.053765564714645,6.354300850131504,11.015878171433743,7.242409669301749
49,4,0.1796967404979283,55.70679798031742,36.8936575471346,6.577098329824317,10.889280888977751,6.535155462052081,0.25484203506024,20.732798156427183,28.29898841656363,6.2575718696688005,10.721307171636987,7.56585993699942,0.2163080239044142,125.79143570708638,45.76491370252152,6.195736901748616,11.006274821607516,6.865804184936834,0.2615817819879122,56.01245756520332,36.06536943340935,6.30748355659434,11.012285748367614,7.431534806037642
50,4,0.1788801122424062,51.22206029174617,36.74376674763207,6.2634451442862815,10.85399228959222,6.539037515908385,0.2546120475370054,19.75090335876793,26.17171697557549,5.988312422365248,10.657804675100348,7.445053377378777,0.21479962816398188,115.42029827917598,34.51284888060085,6.004927364216163,10.981123931730451,6.800988656623247,0.26049274502217584,50.85954074743288,29.147965522312585,6.296436626008538,10.981718446322475,7.361962373056203
51,4,0.18133868472906187,66.70206862173217,36.39832837027288,6.116714521689595,10.818481106223018,6.66138159301172,0.2516523500926866,27.96398519695124,27.746345092526663,5.9787621800203405,10.78374551288029,7.466740097418097,0.2186354933581525,140.365519218539,41.35071738948159,6.049267176136313,10.892221499823084,6.891502718141118,0.2615917234147148,66.99505015662307,35.615239448129955,6.360040804557834,11.002626178681037,7.307411632203943
52,4,0.1838425239731086,59.17585890698274,37.708016468803365,6.3749638559328385,10.75399298106513,6.633515481749998,0.2543388090241045,24.531182197285457,29.262032618439278,6.068545842765794,10.553080149802543,7.382370066113494,0.22371709175558377,119.94985164227776,39.788833489696835,5.989401879756352,10.799575096430491,6.920267131997188,0.2639534078262836,58.83750277948724,33.73851456175597,6.307028884130226,10.880236120461566,7.212951285106494
53,4,0.2129727653426964,32.87517575909423,27.360394571659846,6.497752997181401,11.558612296617076,6.873734312407551,0.4573855053532145,2.217378734638933,13.181180413029772,6.398938888839504,9.397016316115293,9.028274389855412,0.23624376651082582,97.76884557896484,34.491685462888995,6.281347876910256,11.23809891617801,7.201238199163829,0.3502821696051685,19.08262530886867,22.48458657210402,6.5656891598054665,10.869936357346871,8.077550150338384
54,4,0.20540342284190735,19.607245284268963,27.04803660987569,6.658010894876522,11.582647791272278,6.85143658562302,0.48307511442105844,1.017037852065119,13.69503067526209,6.446831901531686,8.91547116466591,9.265902986057776,0.21609221477269264,78.25988452838156,34.24095344012124,6.319701266563663,11.26912389520606,7.040381238073893,0.3457708766071042,11.468829520302757,21.650916213640272,6.7311002206750095,10.608574775114906,8.1390988398038
55,4,0.20469979979061045,23.252659770177594,39.874474959800324,6.857257842971749,11.564841825455929,6.8075036208057105,0.4789725684847953,1.294116427775215,18.557351410274432,6.832337920747287,9.009524741962128,9.158305767660945,0.21855967170826096,85.80412060315334,48.637960407577246,6.435850622075048,11.309245125556334,7.060893922594718,0.34414022672035116,13.594302736513598,29.334106139606828,6.7862433574223955,10.651179635762286,8.136030480415013
56,4,0.20169033016641413,24.212831741400972,34.19816755792953,6.669018126094754,11.596097912239197,6.800277269728712,0.46625370175054487,1.358543013822458,16.580330376510055,6.497057695508415,9.190299995609113,9.118542565474867,0.2168397967990254,90.1504649309069,45.82647542320117,6.386748153659546,11.34466878303244,7.14221119090584,0.3371645995232234,14.926930927851032,30.556994073939663,6.860017752831983,10.773965809001997,8.115456629100033
57,4,0.20591146464087723,29.567619631534356,34.83872316814205,6.9379189941729535,11.55440240796367,6.713094532944362,0.48124998241204575,1.500348987953232,15.551900544135249,6.51397944490066,9.107376079104343,8.933493848545176,0.22652214132011766,92.48831144477082,36.594889503459,6.525415403386833,11.210286832982632,7.131760899315532,0.3465268677354481,16.161158512431435,24.77182183305553,6.725613447976846,10.68675869752364,8.033071410141249
58,4,0.19970933976321217,23.1348397755849,26.23861403620719,6.740497044476032,11.580044029125784,6.926880467243757,0.4855282124961949,1.1190186021420825,12.039923976690151,6.562772275998541,9.071944645584612,9.295973750706734,0.21670777042525394,84.66596515148412,36.348380773017375,6.39452740539233,11.301608782002702,7.1905530231490005,0.34468677157259875,12.738402759474711,23.687368383476876,6.830203183978903,10.682321025937757,8.187957286615418
59,4,0.1757169456217779,56.01705551375778,42.6669651320516,6.791581337635236,10.857246939077582,6.621367316363132,0.2768508932349154,14.088691488270666,28.290694177282717,6.414206760689951,10.185192516465142,7.971488874267377,0.20958963220218393,123.54225464171174,42.000362165846525,6.280307821470379,10.934734076706587,7.095065940325702,0.27249695218021064,42.28985399657443,31.865583864778113,6.5459730692598725,10.656496384589632,7.916088139322487
60,4,0.17360072974360197,57.548568465221315,41.89998305404261,6.457372917293713,10.881286038041523,6.469184335806044,0.2621616765016987,17.07158319764192,30.478733399672663,6.30537611497916,10.490909261710396,7.563927060075779,0.20509480194601123,131.90711163615438,44.93841485087439,5.995112133819276,11.050829306132403,6.834526252841893,0.2582390216201883,49.95772501777011,34.525458442016955,6.324209386670465,10.88284442622216,7.428246790721333
61,4,0.1736188019467901,61.242701092895345,39.284609688540584,6.5048668082549534,10.855438437463745,6.4545685130800114,0.2558896930335482,19.93322494468356,28.982480334657527,6.282525885461789,10.54673625522353,7.68499691038655,0.20448501570754632,141.52993485141727,41.69263934358759,6.2307424653489285,11.06159809025146,6.684833234574723,0.25454270303189797,56.47567200609379,33.62771574787762,6.4138871209927535,10.935397579892477,7.4108882594121175
62,4,0.1742966766231279,55.208925509807706,35.80107439382696,6.304920706541866,10.859984789670337,6.484259262928489,0.2542268986656097,18.26865398028575,28.18299631737753,6.037140337467297,10.608895914259822,7.513340316713961,0.20657664788360183,126.64589578005683,39.51174162978976,6.122419375570069,11.09685159672506,6.76264238478836,0.2571102040467694,50.37057631716576,33.404185486878966,6.5504044120853955,11.002859927038745,7.327471396759841
63,4,0.17798708818579934,57.671000277100745,36.52090021158028,6.0762881826502175,10.760433348103495,6.471348587166684,0.25469579622995525,21.815324941514497,28.679383083208386,6.096303163555446,10.614631156379838,7.509434500938296,0.21370385919508547,129.9722735832159,41.66543842639777,6.134395123849337,10.856865771122127,6.798276402869648,0.2620911251179382,55.61267073899237,33.469412101742684,6.224348105322331,10.892637402126471,7.386616286944496
64,4,0.174379692993573,50.441019951821566,33.4783062773916,6.291912445399225,10.712108333182872,6.5591335196529,0.24982886607699267,18.758931049470874,23.68234723909521,6.066205769818911,10.569705589492731,7.4152466200433045,0.568942394842116,679.801717059871,70.48067950251205,7.885551142509561,11.34173830094555,9.253490897200997,2.4343163983393064,817.4369008244208,50.8084033653673,9.700471178931894,9.257330075156823,11.039801769517286
65,4,0.20638786607720094,27.310111550720606,34.79758001557562,6.383463040140384,11.288648225862543,6.712630903993414,0.48347017949762533,1.5960637494992618,17.163475439303852,6.1514940960683795,8.904652252893882,8.84707028573938,0.22152896756332882,100.78913987066498,41.554840518846284,6.280113375098954,11.10122234386619,7.091476897399426,0.3532618414215681,15.167414028378069,25.55727080677304,6.3206225622000884,10.495194557590025,7.891442815919923
66,4,0.21094157590193133,24.20452453116389,31.20686542928112,6.8347240324831215,11.604225171848874,6.912207872196178,0.49453214887403346,1.321501592381205,13.777957212664251,6.534184153863947,8.912978424543008,9.128423209619497,0.2241421485939692,96.25220246079022,44.859367094300644,6.3862666925851785,11.204050185045213,7.153649715614116,0.3511869576629812,15.397271124713164,26.241252979004653,6.630139716192808,10.642899386147366,8.188435489334715
67,4,0.2052868448079419,24.211386757914916,29.368022683664563,7.083540209976516,11.57537447498018,6.7906196352991035,0.4975028569792508,1.0330832207322596,13.068949741825612,6.7528513046652865,8.93440261449212,9.14991549549175,0.21892032967018896,87.7571055060424,38.65676339540508,6.4068321805280535,11.235857436081893,7.280500950407166,0.34880821964032005,12.680159021240545,22.956236731096872,6.607464567114849,10.607683865312326,8.139826586764308
68,4,0.20255015150893219,18.92634105997941,26.282255291074286,6.956979133519494,11.639114660442312,6.740270286294566,0.48805932994803136,0.759691360345748,12.187474099389135,6.7057938973648215,9.338946342835271,9.017705602909107,0.21382955313512086,75.10488080491434,34.51279327065834,6.68192484976545,11.435228050162891,7.026587422377086,0.3458175438589516,10.630016282702142,22.515906254297825,6.812645639245359,10.847972914634083,8.085011149456374
69,4,0.20814786970271507,16.140006554405115,28.21944951307061,7.044864969778287,11.59373381563869,6.929774700542971,0.5394222427502978,0.6312007769219408,11.606830317192147,6.823584384287779,9.166675733261908,9.145604747393444,0.22428919272271008,59.20715359990761,33.38559598755562,6.462490118664429,11.382899577990703,7.197867425222407,0.3867218186414603,6.826755606480116,19.62659116469235,6.896880872753518,10.840155188423218,8.007409591916216
70,4,0.20671978522251794,14.185810210945675,26.240600597415472,7.087615175429599,11.561412539483424,6.9341204835175105,0.5622739147111978,0.3739652130403899,11.09153261341121,6.925477893782259,8.905345295092298,9.26466377421786,0.2232515754760553,54.264901962532484,35.558353030993715,6.567800266467059,11.31523780625341,7.132101061830459,0.4012373940701406,5.103173362035161,20.417341902054606,6.6199085259963715,10.631995519707207,8.324996906899258
71,4,0.18067222507753575,42.57344582409463,39.87725229711088,6.646750052315844,10.903884789048998,6.501407825950382,0.3551162065181865,4.34830484974946,21.777189608997006,6.428942015648049,10.040844599425355,8.237149270189127,0.21805105711980602,97.9058617815947,43.96156259951123,6.414050675136957,11.09236194833934,6.908780461218296,0.33112298314059,17.584271597289323,28.31235055651996,6.527944465799346,10.964279086370261,7.739469848135276
72,4,0.18030643000906016,37.95373531313733,30.75853632293579,6.7233141672609475,10.815469605189605,6.596380410148362,0.39541324540113637,2.510507612604857,15.178327452091573,6.493398881032924,9.536447560235507,8.497183457256751,0.2197957940684644,81.90393272073291,33.46555487276206,6.325132343378716,10.946347481943175,7.07834499050767,0.34851379715122366,12.39973790913662,20.7290349225674,6.4261172653953444,10.65771094657078,8.058058359998734
73,4,0.18404911430608437,38.651484227960246,34.6822085116719,6.513172376741559,10.921538724442538,6.473942355049125,0.40779944887406216,2.5832149454940154,16.64748596369738,6.326211905609383,9.566840336937274,8.22826347795635,0.23432221703949074,71.38250600104261,35.80740551243026,6.2798388254421855,11.153975663606342,6.899756156879733,0.41438933754947865,8.638497838560887,26.9790716354177,6.5079871053390645,10.400891010503255,8.218577944576802
74,4,0.18446560085716307,44.45372014070049,31.776303893565732,6.5649865690913405,10.91044192890255,6.589222348427265,0.30253339101593907,9.567846461696764,23.204117000678327,6.304825133803351,10.3406119373206,7.824999806274355,0.29598279948024436,41.18417596209014,33.177914605537055,6.307714619089619,11.52181640460334,8.321885168982863,0.3899451304863346,14.564756205497158,29.093956459508338,6.751565202454745,11.413919948297274,8.234193085140149
75,4,0.17061471721112023,38.35189672823094,30.414524852515143,6.43740654055413,10.873944944706992,6.4703652290684035,0.2818961808760158,8.1944104749544,20.0046617352351,6.0549224976128215,10.321156520738981,7.472846617222441,0.21534086035608296,76.06971366641157,31.32830717394042,6.156318448945113,11.296875250892525,7.240188311145883,0.3152270460898583,17.181967601448235,26.00357012381563,6.544383723784869,11.133350872190453,7.797250414073487
76,4,0.16684033745956023,45.81775327633659,41.67566127429576,6.367170772083926,10.83887266115977,6.4958207807163095,0.2739848089784723,9.734342752718614,28.26622077450242,6.073631064991544,10.510096387363399,7.621071990985037,0.26049584935423103,2513.4207831799213,121.37497870056677,6.890947110334545,11.52975687447601,8.194741172297524,0.3095906433061318,36.71026471063361,49.64840047265018,6.85467895048718,11.228341614712779,7.470411420400197
77,4,0.2763835561385311,5.333870369710819,19.343171986971544,6.605817141679022,11.795000280996469,8.232133386808837,0.5742248636190285,0.43480696071428504,10.188481145626021,6.332374571888557,9.629755124454979,9.094445317137126,0.5340371432605767,13.911943826497584,51.29859893396495,7.251062253439491,12.087819065563718,9.408365982994487,0.8375306220553197,3.091642129444045,22.84730574339562,7.474388908172081,11.57272644543735,9.678104496819314
78,4,0.2531210173343417,9.301355720190072,25.37242785253113,6.810300311983961,11.804208264053687,7.797470020843793,0.59577204889326,0.4874635505027527,11.535191473062255,6.612068441206667,9.352807575054918,9.31205374250706,0.4348829478005326,8.853324599591662,20.01882398485805,6.909086956694767,12.014027112921902,8.340093340212704,0.6563964663633582,2.114642832595564,13.65625271504452,7.020959313268732,11.597709473735495,9.016445398496392
79,4,0.2564873298785629,8.637431892672037,27.03931355530126,6.866623922179003,11.689850434335732,7.679068144456107,0.5937627330750346,0.506696985054917,13.514975277072667,6.603587739828475,8.857746156499184,9.319733981822063,0.424860032169424,11.929451677046902,36.346774069908,6.7078711581188655,11.99163106977761,7.980645220595798,0.6729474616491886,2.371340448936916,19.38327647108255,6.758498961618884,11.411792173429703,8.878905679954146
80,4,0.24174756093328673,13.142385233782996,24.155410899203368,6.868940683486583,11.698249580132966,7.752311457140725,0.5994640195740121,0.5340527472667915,12.495546807879755,6.6114105938266325,8.905235520150486,9.247828667214597,0.41687186151107036,20.25805293279255,51.56593441260515,7.126410582350635,12.023305847049734,8.46354820409813,0.6611894810780318,3.293548798736717,17.01347396213134,6.965128497273317,11.449464752289257,9.212452849301352
81,4,0.27263127692325645,10.702766372207961,23.466842664286226,7.063536938275999,11.52672597002738,8.528550528734742,0.605646937060662,0.30002047394817355,10.285620161237366,6.866131841182593,8.819335315047633,9.301990210256065,0.3905426252727975,397.4808808125726,138.86643122542634,7.933911764415709,12.06760974262408,8.710931315537145,0.6520854001337935,19.60742531387844,56.766337387827484,7.645810705446016,11.54027134353537,9.430562306946626
82,4,0.22200290775902878,16.629227196371694,26.39357322972131,6.753375522106046,11.678311093339506,7.038044192425214,0.6035328501996694,0.47078881959603436,11.293402341982071,6.654594449794833,8.851699205761097,9.292635510519982,0.414386000598775,2463.021536845787,153.12323840744676,6.916707433591693,12.248264644487628,8.180011674132103,0.549798896106217,5.47235899458572,20.588719977375938,7.110682622409302,11.464454287105989,8.458790451884338
83,4,0.1844968886907073,37.77828194309902,42.9470955246434,6.710232026719644,10.993192377415006,6.562312539536186,0.38228407264416053,3.202617962895239,23.543268938766374,6.573226617069883,10.110934903619226,8.13839960869758,0.23935357035874466,63.68511164042698,44.6427494131028,6.235541926052359,11.293110188741009,7.251080024350711,0.39450049966283474,8.070332524221564,26.30629066089111,6.472179256907738,11.115708909750962,7.983000357600209
84,4,0.1769749242944941,41.28429553688034,38.391591720122996,6.59408231715281,10.935187939473321,6.419873130925255,0.34990314121139526,3.8104403480501574,20.64342526084109,6.399535131663251,10.11110859799745,7.828293993803398,0.2247281762139488,73.69583258317995,42.80173437312638,6.170338052600561,11.182256637791891,6.864756846355405,0.3636628219606077,10.318313443243433,26.015293020232008,6.444477142105031,10.795075591414406,7.566534980681946
85,4,0.17560790676714033,31.45898774768655,37.742565401472014,6.695616536762256,10.911621104542329,6.36108938679241,0.3563280578407899,3.0425724041483315,21.602230989817038,6.335926317394757,9.805469231446892,7.651788150123386,0.23538814946514008,50.26581531655117,35.863539035085964,6.093023313374095,11.354084130088507,6.956512281037425,0.407237971716993,5.723599462691672,20.374592833175335,6.461061763044637,10.597815870766041,7.642828409600554
86,4,0.17255941562901358,28.84127503339185,35.263223887789,6.444472550684606,10.82647272801219,6.556042437128048,0.3408089466137191,3.1085479886044167,17.708365856363862,6.367786418149343,9.82521442220333,7.609935288827039,0.23220298916649632,44.155724859385046,30.42913805092566,6.1726912662625315,11.326144311766736,7.0897691851471105,0.4311164913635109,3.637078125757336,16.95918671547326,6.4963106036358536,10.077725964668579,7.620665181205633
87,4,0.1705251510398558,29.921762737478602,30.181642623309955,6.36042612100242,10.844839328307275,6.37930964101985,0.3268945660035391,3.560759285374555,16.849508558365855,6.220096800127481,10.184241569279752,7.64992234049377,0.22976627052094278,46.812074121454366,30.303693997360565,6.131673889949759,11.39752605909241,6.9289464980962325,0.39267226163476415,5.317254914556337,17.952106216607746,6.3243324795822415,10.798450007144321,7.572336374030265
88,4,0.16953143368541518,21.789263957247844,28.430141858947035,6.2465304639146,10.874963645634024,6.652976215634443,0.34626811820085895,2.1261444890560837,15.757726315163989,6.193903734851781,10.004102972863336,7.650321700050213,0.25031763279258257,26.32174320167927,26.387507663843515,6.078224197879043,11.63399760579799,8.048016063906188,0.41816327143382886,4.315114907647191,17.738912477606068,6.358304659376869,11.014863813695138,7.984353604301148
89,4,0.22209347233946833,13.96427116050642,29.91282100477991,6.6353859993074735,11.8014489528737,7.770850296667297,0.5614537572391796,0.5666508065538549,13.718575293691252,6.324854698016388,9.53854347214013,9.17221680413704,0.5748160618587789,2365.66866700546,107.07337755150193,8.314077084577082,11.82422103360567,10.155119883698607,1.5490454893449954,1821.1170540950843,80.50025740471935,9.986876583956548,10.574483372425252,11.669381187594894
90,4,0.21727453397891844,9.156566893749977,26.91981176466527,6.956238078168408,11.74880332327588,7.301476493857505,0.5662900488925474,0.29107416779889794,11.214538566103135,6.718720963697811,9.296809781198201,9.073590603493262,0.3548516815418068,14.81190078725528,24.247997103190166,6.8860197907902485,12.051568844592053,8.11099635912461,0.5473800157747911,2.9804931080740005,19.907060028099227,6.965693527206744,11.626954989630788,8.70920712458693
91,4,0.21465411864465692,10.098481021218518,27.049532473927595,6.954907736178787,11.734726811179408,7.126969417418091,0.5696405514849102,0.34577686763171256,10.859423208043497,6.649420919177258,9.385970390599438,9.242275965355129,0.3949202621390687,2276.6497423360765,183.50548415632204,7.104751336746055,12.235981253869642,8.614944731263963,0.537214763232742,10.557694486434418,46.70681727358661,7.392476284295183,11.698302634696866,8.940816687002968
92,4,0.21057464426690578,8.635570007657686,22.726375194762703,6.818222355061402,11.743541605230833,6.997562729467645,0.5753827701471708,0.3119750133561867,10.059567334090023,6.719048823856846,9.386349262524854,9.140408090604756,0.3247289575143132,21.096575045282375,31.013520851055766,6.915862304628181,12.043839902402855,8.16519617167261,0.5071738865157556,1154.7613483489893,182.87852650154764,7.022597653642802,11.646537005022894,8.569340643515494
93,4,0.21145422646830767,11.967336049848633,27.68433219970163,6.7106290105746655,11.669318048359973,7.053161158526914,0.5984854965464388,0.3461430298404533,11.743345366820774,6.561470935911811,9.058107453336573,9.22797411368386,0.3143583294876314,21.552321161890617,36.425930489163996,6.461936341345874,11.936364042560086,8.064664856682892,0.487370042317145,3.8156168981238983,16.453864963554228,6.621761589071537,11.379584694982807,8.397965713398404
94,4,0.21002091550263918,14.524340721963195,27.42422717702588,6.981560966475485,11.551700460304431,6.907176792383848,0.5794952823592286,0.39515300248126595,11.073334397449342,6.662894095334598,8.517115532215211,9.112174339081383,0.3310213152372638,4089.147298860733,229.17449617099828,6.543440545730626,12.015376998566559,8.036497563429029,0.4687906938014948,5.127139996172826,22.095978016552355,6.747429276894017,11.133272221702487,8.095392209530214
95,4,0.18847047102911757,23.737097800342834,30.683788307588966,6.8011816308758535,11.356549604686826,7.900810420067179,0.4596673746607589,1.4226266160423222,14.31431289351551,6.541046682441026,10.969834761039554,9.560341915481649,0.28644030309514285,49.50821078420374,39.69499958754071,6.586780261408026,11.89112556618763,9.11338997897017,0.4851313469538267,3423.565532943816,196.27092832918416,6.945323741947834,12.124051431220838,9.447369055210928
96,4,0.17147520077989223,32.265983254799636,34.51773181349186,6.7368403955998515,10.972811452935531,6.567995169777077,0.3029066089342914,5.175964204323865,20.24729878889425,6.491328174207989,10.24321807574907,7.790180911539101,0.22379053275306635,52.97901566636932,33.05758971582353,6.237168869300047,11.468985441529291,7.641986168160778,0.3396258912972527,10.342314547661905,21.839180884276246,6.546551458327498,11.360341817606109,8.044924431628285
97,4,0.16687992256527462,34.56267089801715,47.33780763320884,6.5540631350720755,10.941772510832305,6.484704763086893,0.2845895075060224,6.26107144917059,28.558713241467714,6.420824029527539,10.404815404841667,7.672952176281303,0.21936126779098578,56.45897802501274,43.83622109334367,6.180370459312115,11.548569876918128,7.211180748430738,0.3385086377166237,10.004585480434121,25.416127509591373,6.431292333550604,11.38996134201946,7.825607349428304
98,4,0.17846382973192434,38.09374820748581,32.84213552394222,6.551693361160807,10.918466489789944,6.506726242981446,0.28784481634583853,8.954936345884203,22.75987836928795,6.272313674672338,10.399812221625817,7.556554690769291,0.24012087156652004,63.94673078211929,35.01683029214974,6.227648183163109,11.398061743425941,7.356212806528803,0.3440659131530893,15.896333831068624,26.53743255646338,6.486470548714144,11.405149149703394,7.7645583036133825
99,4,0.17935687296467556,43.81487158298278,34.19078680666321,6.382399760724086,10.840728251712012,6.592151087517678,0.28582470553028666,10.550911219297296,23.877770358844202,6.2968181907354595,10.714734753460096,7.7458581314943675,0.3758037815900446,538.2982720783359,77.03516689973364,6.891605231718193,11.81987552086536,8.661773751474158,1.0527959968257536,2026.849951412552,69.58440621217302,8.455749485927296,10.94549026464464,10.025044614724234
100,4,0.18592152080654056,44.26540112696248,33.58254206051699,6.449989410389697,10.971985592032846,7.377753871655611,0.2976494086429926,10.46279610177971,22.25571558109153,6.183893571800702,10.83989609140153,7.629856252019177,1.254373559799171,403.7136117873477,44.304903474843144,8.58336141304146,10.642634377036504,10.062723277930727,2.3452063689286033,828.6500205415198,53.97232120375387,9.197141639569884,10.480726829701627,10.75694895666887
101,4,0.16317760918286167,25.987778008593065,30.253761800461724,6.302747741528491,10.67043150984674,6.5134171803000775,0.2714896712170637,5.3310178563869925,18.015796918467547,6.209366174176027,10.569555526795245,7.592325496121249,3.3130283537532277,60.91726884190571,20.57856152595627,9.914334161021989,9.75423612439558,11.404327597947981,2.71433352518439,620.3469698694886,61.38406668014667,9.462245425032533,10.46707773148882,11.092156954752047
102,4,0.21053151106134527,12.89350091372849,27.068150561407805,6.512254590695233,11.374673680391174,7.1457839265574785,0.5745625990815222,35.66219659128492,59.821017622866464,6.745606265128693,9.318623119286112,8.915656514765224,2.9391081297837647,504.6527429814623,55.076353481335346,10.190911341769828,12.182917644523164,11.636328992649856,8.640138976437493,198.70943472073947,29.808061999633555,12.348282817653137,8.86469904293992,13.436203063884415
103,4,0.22552913269380462,9.035373445948887,25.57512184883354,6.816239488728735,11.764548981685104,7.335177864214313,0.5680432502503296,0.31686925981011616,10.217278908364408,6.616137165620546,9.106201053425927,9.091783836813843,0.5850297568181696,3166.33678215609,145.7959764688848,7.711085149657901,12.4737220258743,9.01769862817625,0.5732664205957669,48.565929966005505,80.96133298263558,7.774208220206072,11.708809476987668,8.441746611172036
104,4,0.2029063141200439,12.29653737351856,28.865619734842333,6.870113974897795,11.563953798476623,6.836048247100212,0.5383047651686851,0.4376066220939827,11.746314822841008,6.769701606914834,9.174585411208435,9.105635890776787,0.3035242751680131,32.97352373809548,49.346545109305325,7.923799583959991,11.953189476361876,8.593044363964081,0.5077715838414223,1574.3346423066978,145.81040351889882,7.497365622341247,11.646247107392806,9.00345877946083
105,4,0.2154838782834635,7.99487061927039,21.375505743512733,6.840379125492999,11.729814203133047,6.886505475779056,0.582838030590104,0.24588761346937682,10.357805581439495,6.74804596649218,9.013811816972906,9.02285502735452,0.7505887202559706,2071.7418778938036,118.94714125159287,7.520194097149004,12.497352246544132,8.859758135318625,0.6874442223016318,703.3274219087309,101.05000539348032,7.24750599652015,12.152112820349297,8.535968658839547
106,4,0.20902605285508924,11.754781457193165,29.165665091014997,6.942539619904558,11.628137224383789,6.939506012014914,0.5824667386755534,0.3421689678164208,13.930334575370034,6.713200926698102,8.888189572062604,9.045950658425818,0.381800398403087,943.5282047651699,161.83200822926645,6.870221746008746,12.053473866068536,8.481131165752052,0.5530187565842835,2679.368139252204,193.81282249560405,7.030148913753436,11.768709557178145,8.583054570345519
107,4,0.2089566799792088,10.756930757865229,31.164037686797208,7.086964826468342,11.608984604525812,6.923013130624059,0.5817749035260017,0.3412601781228277,13.754878535240174,6.69860184579088,8.677240903717287,9.209026677085586,0.388204925959834,11.860727026576747,38.03981661524887,7.0415333512322595,11.932415654973418,8.911544436922352,0.5279410613229347,4.867210662131485,28.005713684913935,6.816672629811416,11.443171678433647,8.694894143436569
108,4,0.17594981287579411,42.4933235739915,40.3242427706978,6.896961260277903,10.94525872734585,6.502392181385895,0.29690413404276494,7.9106288425921925,24.254199981936033,6.585047554514519,10.40358730487991,7.78429635243232,0.5123926879686828,1427.0758534549486,66.88627913234811,7.636689018348146,11.039286534119384,9.255575763203773,0.34397774396613073,36.06717875037885,34.7577024589924,6.943500065769274,11.517171812611133,7.719216680346311
109,4,0.17301326339761636,44.63782541033577,34.608284308979464,6.663291553374262,10.849040813353,6.479542689731538,0.27940043390867075,9.93400163638441,22.54028035207101,6.5470087007559705,10.368742799902328,7.6617886054499795,0.6093592059786856,1223.617296179938,64.22950273671123,7.890626888701616,10.765819731605355,9.51858927067588,0.33972505859149554,50.85197065216935,32.791075548917085,7.19964797759733,11.469757755234658,7.800099489165058
110,4,0.17475081578741303,50.84383959826848,35.74592648276694,6.518384785383137,10.824313280688287,6.643193641240983,0.27614059882189973,11.838263244359178,25.35264891625914,6.453054964711127,10.2942776482904,7.687670024973798,1.576411612931147,244.7006392258246,26.07430984814275,8.824281363572968,9.772144527164807,10.3652569766332,0.40971438636859425,290.28491050070755,66.14794653231262,7.787860605378997,11.371015112856922,8.753901240763051
111,4,0.1715202798406632,47.931001432912815,38.67300000149658,6.602311508727306,10.785830338409664,6.511870963221039,0.270535979032637,11.25609976689657,26.876827831326793,6.319458400741332,10.460819973539605,7.718222953477374,0.2182998055700177,101.34515527672124,40.40556769926471,6.329737898767506,11.270873911368763,6.916348127788338,0.306250801039147,32.53193248323443,33.113036162355044,6.5486634767580965,11.287832840995492,7.479824152626044
112,4,0.16972981313932398,63.44919632351298,61.61787461124097,6.066134503999503,10.780426817473533,6.503920724438861,0.26806553193957927,14.800898950352789,42.21029918324179,6.118223254509596,10.336813540962163,7.549052623408388,0.3600465898894182,1709.6573389887226,78.43228001881074,7.518617913341046,11.254788083183914,8.953484387482193,0.32701780681476594,112.92698056661477,47.6420634924134,6.9302698645190945,11.390634050738154,7.953674112581697
113,4,0.16854545486671865,44.45856737836188,33.19082825960284,6.240948702675801,10.770653441525429,6.393794159846689,0.26385211969242817,10.850067487782665,22.424856363652715,6.122515152526552,10.301280560194954,7.572588393614626,0.3205165520348899,1733.4481458179523,87.37451863037442,7.294480337280706,11.25112833892924,8.693255236443829,0.3519577116628233,382.0248816534266,79.87301962720731,7.361679054385196,11.443739909271265,8.272932597549342
114,4,0.20546618826061971,12.600662800938792,26.791133164049725,6.6409963275940145,11.676671576305367,6.823752713664176,0.6356612681472484,1233.5597674836847,89.12216323407091,7.488387469386918,10.420656280729334,9.417674795408544,1.9498539609410377,551.4994374230179,43.31247921495857,9.895085020991303,10.199181567063789,11.822183937501032,10.13633298682618,187.13084252904005,26.365058721052375,11.882547548362293,8.6685022086529,13.66411680545908
115,4,0.2150931602692481,16.944670895599064,27.385721029259354,6.612705803808361,11.647613578359463,6.865285254375778,0.5645363689115852,0.5538075338157169,11.850661147719158,6.594178512216448,9.036145839225142,9.036553712220005,1.240754975625575,1420.4527860903413,82.70992110176643,8.085321394556395,12.660510666995727,9.58336677344111,3.5105227644977552,296.7132000812649,39.724679249375335,9.875498955534335,12.511081554451499,10.986246417242759
116,4,0.22829869308005654,16.77892693041176,28.6331615993317,6.85476619778136,11.779357600874976,7.44851068876758,0.564205238259071,0.7010130012465199,12.000336292707305,6.601751228647403,9.521592374530654,9.066061245236295,1.0014890076593248,2730.0975631746087,116.01748951686606,8.573895094098042,12.618028835656943,9.691157069848611,0.7342518008470282,1305.3519580457075,115.0027727467996,7.81235104735428,12.264917462702027,9.033500102146672
117,4,0.2103166382862382,6.496236463483051,22.252501097925148,6.988562123227666,11.717635624022241,7.005279774973177,0.5986530124096106,0.1598630243121586,9.17161285167022,6.650888713621964,8.996685561915701,9.041825084756386,0.9711835834297784,3337.265539365301,156.10719968501314,7.78967620383857,12.575980622316031,9.626885965505393,0.8992967633828075,4014.7642528651163,167.60008766914785,8.06475330522114,12.420592488745832,9.339105735826216
118,4,0.21172851132981887,10.149579466951712,25.34499654643302,6.9742944938571325,11.660128271454013,6.9247302126862555,0.6353203175974356,0.1652877303300988,10.885630706144244,6.708073261445773,9.010685458639859,8.98129071160981,0.3987200119057416,75.05483765732458,77.56567134575275,6.844558303008059,11.842891827366234,9.080792376561282,0.5601707560641632,2107.560692956683,168.16699008629706,6.964062093852003,11.68481440350617,8.73177206113197
119,4,0.2032545120154377,9.127491259798557,26.592091745795518,7.231919511581556,11.587375712304057,6.8846655890429735,0.5963203853094879,0.16779097009904875,10.040305745922236,6.938162301036211,8.647736563164717,9.137568249326915,0.3586225209114207,153.5108269648845,99.21694928422758,6.905030069427423,11.99066182189608,8.618740359502578,0.49582980114417907,4.834367236123003,32.508997038710206,7.033888423296439,11.263995711544077,8.479467627408132
120,4,0.1603173442393444,21.555298003344475,41.22302681306154,6.627262110236313,10.81820779726299,6.374687039043958,0.29353479516996894,2.863890889711893,24.189701028847562,6.490029518797219,9.909994362784737,7.911962759833704,0.19615903387325523,49.08451982730366,48.634646191373285,6.164826048135647,11.400711751114539,6.784154079628119,0.30115094547247023,8.97453944376249,30.55674773372047,6.54122438115042,11.158400520132863,7.438698029324998
121,4,0.17290540737919324,31.628468574173425,28.64372782524288,6.75315804772784,10.84541698462305,6.413387693970378,0.28972997256457933,5.887003783059342,18.344285610898922,6.4569894153669845,10.128648590367597,7.723420396506716,0.21791962764577336,64.46835913434904,30.88168805592271,6.33981192983265,11.290156663751812,6.773652098724978,0.30952666038938037,19.093174246533316,28.15752465357775,6.52565189123612,11.173887039939311,7.54264283472704
122,4,0.16717981942814575,29.473907721653262,27.979589497889908,6.505119669433501,10.783657470808613,6.402699785425762,0.27912203353064396,6.230200601418993,18.40631549629048,6.300922104726878,10.148549237270025,7.664924085750276,0.20967494653506463,68.11998153192977,33.39282533137889,6.258779179470205,11.271106121575677,6.719494688364728,0.29956320976894113,18.95949248090821,30.074023360326382,6.487669324690944,11.14349550955802,7.5344670743441045
123,4,0.1654286308534075,31.002209948449973,32.280153066179,6.32895186341655,10.792993769935226,6.390787223809469,0.2737028012919054,6.453501529708383,21.595456696951615,6.24549615664686,10.25503436584996,7.625560543520792,0.2062888111332712,75.6780627175912,35.60878720388521,6.165913975364849,11.260359636189147,6.848194761419871,0.2824759043479195,23.46259667656258,26.236299354743764,6.619704700754729,11.120450315294168,7.3575218129378115
124,4,0.16377940137343824,30.929385406974603,36.48423426266896,6.339561204848778,10.758274221409117,6.386341111983504,0.2701530780903938,6.475581917635113,24.65784559653709,6.054848840592256,10.292699145516487,7.651671033293757,0.2007406845755979,71.99621324548608,43.16577827111767,5.9617195050954965,11.308882005953125,6.985216299555731,0.28419676735493754,19.271242077948443,29.706047840827022,6.3886570166451,11.179255022305723,7.520176657556473
125,4,0.16172415068787416,17.197910107276947,28.07313207921832,6.437112394260951,10.81168317629258,6.621086867811213,0.2663683515098634,3.898317545084957,19.447475905538482,6.052711976446422,10.208132930958884,7.63429606688992,0.22177510415336632,29.294658482918436,26.938444610964243,6.044120578797805,11.650105838057026,7.905813577182966,0.3353605475807922,9.55792412983492,29.18158354546405,6.5033041940926966,11.575967106922782,8.3517787142453
126,4,0.2023361593651936,7.554967048870097,23.13031059692224,6.469659683658602,11.650389375966148,6.796388261380295,0.5826248531654162,0.17205539934210057,8.945087336503013,6.299314112280339,9.559231343757645,9.032091893673051,0.39392925624428315,10425.151732058253,224.31188978412982,7.940466352486914,12.443032265303334,8.924281798216944,0.5465040223767157,162.54550601509024,90.50910634392332,7.718233555182597,11.705425508310162,9.346789261794031
127,4,0.21027226526243822,5.497635694124522,23.529547349278253,6.810778750867833,11.638163255220203,7.012447191612708,0.594899806741979,0.16409521906934543,8.052160869203599,6.603106187788384,8.729523605854597,8.979343588366138,0.3827051463449907,377.435242038888,116.594148589951,7.360791841197112,12.003986064489856,8.854535232839876,0.6260143477146292,671.158185531008,100.45542764515001,7.746946035586961,11.799795156852959,9.042407762239092
128,4,0.23076132412268144,5.759102033002179,25.51662400447523,6.892379120630598,11.756829852010194,7.236372270887868,0.6009230176164921,0.23797813089802666,11.588768164631857,6.577424824270959,8.889580757703566,9.018002142142235,1.3643310444416525,1214.0136973666938,94.76339683557092,8.16983804082061,12.654213352610261,9.737096357174059,1.8111893309512248,812.7807035988329,61.4981792421767,8.818764533345819,12.601533001442988,10.357352851008814
129,4,0.22078026114238805,11.141352668021138,29.74406304201679,6.902410151293149,11.731368649705995,7.487998628485599,0.6252169359211506,0.3304884043291798,13.834806636459144,6.580948389881194,9.703619825957787,9.168874737089288,1.6239374310435497,1402.1696906177076,88.7777917064769,9.03634661013151,12.476197900126483,10.677604781953038,2.5572077276572487,1766.156911493369,78.03839376765272,10.097585451178347,9.862722480041892,11.827892506604591
130,4,0.20686859896650325,12.474862744783385,34.98237000442714,6.8837597544165945,11.726752479079472,6.82485996896336,0.5724565387547081,0.364330014837035,13.31481319636018,6.73673203855891,9.69413771108286,8.972591777064318,0.3688365066579173,44.11399534963399,71.92440910753032,7.991176224795418,12.009417371579392,9.065264620245538,0.6208969466376176,15.827708980371732,53.0160306305204,7.106339133896553,11.727436293783967,9.474003372536652
131,4,0.22865736336399703,4.814363334613524,24.2026824096832,6.7644274323462135,11.769461630754822,7.519123598132467,0.6315435437168113,0.15063944343608604,10.937963095018153,6.530015971326345,8.686970292816028,9.120684082649474,0.9881934821363758,1647.1847918361088,120.57115913253598,7.622102747350979,12.532207627750594,9.438879874324531,1.1458650612009507,1164.7920736483607,111.37228258505878,7.9302600436547666,12.461624535418059,9.561354396714005
132,4,0.15699179807344485,22.728552525905098,41.1652270475476,6.4313229394028175,10.925708993563259,6.4308414958216344,0.31834981564630943,2.129279846121432,22.329079864277052,6.467156967718852,10.138909910043429,7.936106198652162,0.32129808085554384,1537.7714519086642,84.09925605158787,7.0525670515374905,11.660324972814655,8.629877872123357,0.32768801868015074,7.830405761054266,27.031633430398575,6.495222503866806,11.39398978401145,8.163665551109078
133,4,0.15101354368759232,20.90047719593411,41.9012058878871,6.181657409557724,10.819348756333838,6.329674932325464,0.2741342791317511,2.8196215183801465,21.218212911115664,6.318461718724746,9.931438262087145,7.673139443483497,0.1913443103904314,38.453765675149675,37.24538896617185,6.009590664092889,11.468124987717651,6.687247158972855,0.29514336406250224,7.734955965278452,22.527710123078204,6.411976578213508,11.189492265455584,7.447230156913996
134,4,0.14851242467869377,13.172079866159699,27.614175542659712,5.960557099867848,10.778676289555783,6.337858943872586,0.2654976855254268,2.0975462745088773,16.59510109301535,6.08055599129252,9.917096263341683,7.772422413658025,0.20273207729801132,22.946376477018266,29.23182334281264,6.03588548933259,11.634405892573234,7.607444639406078,0.3171105474402435,4.821440983405153,18.766480265425912,6.45863604347812,11.408728314101115,8.07598309612855
135,4,0.15862395655525593,21.363798930395923,32.44535576607336,6.00056897231498,10.821289977555239,6.3661550452030475,0.27175785925326257,3.9597743051488363,22.706566432326234,6.056972634384244,10.14609725035493,7.772184151087306,0.20729136979900914,42.888998100420295,43.08999976474035,6.021580273334007,11.510879406717404,7.216443093220223,0.31651710688529744,8.308842839122397,27.24557678508224,6.533395429323038,11.42704866859895,7.823717360955603
136,4,0.154243893993089,14.29225572841488,23.773706098940288,6.062776278268002,10.802805550083782,6.4518562153544705,0.2656290990030661,2.820247170100167,18.717208585888255,5.9308624485399655,10.081270851901886,7.8383465174585485,0.20074440146950653,31.04647135943958,29.140295919544005,5.960266613468908,11.578796486248828,7.287294822417198,0.3130070121415854,6.073543581797008,20.023186749350728,6.485459034504655,11.459628358902236,7.897334678198959
137,4,0.15548981831455827,17.84474192767553,26.952748761094508,5.82092732528008,10.806472644959323,6.338181522284791,0.26259220791184923,3.7147068471687277,17.689979025477985,5.781513000072621,10.215757409991202,7.756293207360392,0.20660393352525971,35.394216171362245,31.672799575683435,5.891791136333108,11.612084320196216,7.2870633315364355,0.319503434169805,6.993587889451705,22.473104703353606,6.449168081660758,11.485184456215851,7.841053316500834
